<?xml version="1.0" encoding="UTF-8"?>
<project xmlns="http://maven.apache.org/POM/4.0.0" xmlns:xsi="http://www.w3.org/2001/XMLSchema-instance" xsi:schemaLocation="http://maven.apache.org/POM/4.0.0 http://maven.apache.org/maven-v4_0_0.xsd">
  <modelVersion>4.0.0</modelVersion>
  <groupId>com.nagarro</groupId>
  <artifactId>aggregator-adapter-service</artifactId>
  <version>1.0.0-SNAPSHOT</version>
  <build>
    <sourceDirectory>C:\Users\garvitrajput\Videos\FIP\aggregator-adapter-service\src\main\java</sourceDirectory>
    <scriptSourceDirectory>C:\Users\garvitrajput\Videos\FIP\aggregator-adapter-service\src\main\scripts</scriptSourceDirectory>
    <testSourceDirectory>C:\Users\garvitrajput\Videos\FIP\aggregator-adapter-service\src\test\java</testSourceDirectory>
    <outputDirectory>C:\Users\garvitrajput\Videos\FIP\aggregator-adapter-service\target\classes</outputDirectory>
    <testOutputDirectory>C:\Users\garvitrajput\Videos\FIP\aggregator-adapter-service\target\test-classes</testOutputDirectory>
    <resources>
      <resource>
        <directory>C:\Users\garvitrajput\Videos\FIP\aggregator-adapter-service\src\main\resources</directory>
      </resource>
    </resources>
    <testResources>
      <testResource>
        <directory>C:\Users\garvitrajput\Videos\FIP\aggregator-adapter-service\src\test\resources</directory>
      </testResource>
    </testResources>
    <directory>C:\Users\garvitrajput\Videos\FIP\aggregator-adapter-service\target</directory>
    <finalName>aggregator-adapter-service-1.0.0-SNAPSHOT</finalName>
    <pluginManagement>
      <plugins>
        <plugin>
          <artifactId>maven-antrun-plugin</artifactId>
          <version>1.3</version>
        </plugin>
        <plugin>
          <artifactId>maven-assembly-plugin</artifactId>
          <version>2.2-beta-5</version>
        </plugin>
        <plugin>
          <artifactId>maven-dependency-plugin</artifactId>
          <version>2.8</version>
        </plugin>
        <plugin>
          <artifactId>maven-release-plugin</artifactId>
          <version>2.5.3</version>
        </plugin>
      </plugins>
    </pluginManagement>
    <plugins>
      <plugin>
        <groupId>io.quarkus.platform</groupId>
        <artifactId>quarkus-maven-plugin</artifactId>
        <version>3.6.7</version>
        <extensions>true</extensions>
        <executions>
          <execution>
            <goals>
              <goal>build</goal>
              <goal>generate-code</goal>
              <goal>generate-code-tests</goal>
            </goals>
          </execution>
        </executions>
      </plugin>
      <plugin>
        <artifactId>maven-compiler-plugin</artifactId>
        <version>3.11.0</version>
        <executions>
          <execution>
            <id>default-compile</id>
            <phase>compile</phase>
            <goals>
              <goal>compile</goal>
            </goals>
            <configuration>
              <compilerArgs>
                <arg>-parameters</arg>
              </compilerArgs>
            </configuration>
          </execution>
          <execution>
            <id>default-testCompile</id>
            <phase>test-compile</phase>
            <goals>
              <goal>testCompile</goal>
            </goals>
            <configuration>
              <compilerArgs>
                <arg>-parameters</arg>
              </compilerArgs>
            </configuration>
          </execution>
        </executions>
        <configuration>
          <compilerArgs>
            <arg>-parameters</arg>
          </compilerArgs>
        </configuration>
      </plugin>
      <plugin>
        <artifactId>maven-surefire-plugin</artifactId>
        <version>3.1.2</version>
        <executions>
          <execution>
            <id>default-test</id>
            <phase>test</phase>
            <goals>
              <goal>test</goal>
            </goals>
            <configuration>
              <systemPropertyVariables>
                <java.util.logging.manager>org.jboss.logmanager.LogManager</java.util.logging.manager>
                <maven.home>C:\.Net &amp; Java Software\apache-maven-3.6.3\bin\..</maven.home>
              </systemPropertyVariables>
            </configuration>
          </execution>
        </executions>
        <configuration>
          <systemPropertyVariables>
            <java.util.logging.manager>org.jboss.logmanager.LogManager</java.util.logging.manager>
            <maven.home>C:\.Net &amp; Java Software\apache-maven-3.6.3\bin\..</maven.home>
          </systemPropertyVariables>
        </configuration>
      </plugin>
      <plugin>
        <artifactId>maven-failsafe-plugin</artifactId>
        <version>3.1.2</version>
        <executions>
          <execution>
            <goals>
              <goal>integration-test</goal>
              <goal>verify</goal>
            </goals>
            <configuration>
              <systemPropertyVariables>
                <native.image.path>C:\Users\garvitrajput\Videos\FIP\aggregator-adapter-service\target/aggregator-adapter-service-1.0.0-SNAPSHOT-runner</native.image.path>
                <java.util.logging.manager>org.jboss.logmanager.LogManager</java.util.logging.manager>
                <maven.home>C:\.Net &amp; Java Software\apache-maven-3.6.3\bin\..</maven.home>
              </systemPropertyVariables>
            </configuration>
          </execution>
        </executions>
        <configuration>
          <systemPropertyVariables>
            <native.image.path>C:\Users\garvitrajput\Videos\FIP\aggregator-adapter-service\target/aggregator-adapter-service-1.0.0-SNAPSHOT-runner</native.image.path>
            <java.util.logging.manager>org.jboss.logmanager.LogManager</java.util.logging.manager>
            <maven.home>C:\.Net &amp; Java Software\apache-maven-3.6.3\bin\..</maven.home>
          </systemPropertyVariables>
        </configuration>
      </plugin>
      <plugin>
        <artifactId>maven-clean-plugin</artifactId>
        <version>2.5</version>
        <executions>
          <execution>
            <id>default-clean</id>
            <phase>clean</phase>
            <goals>
              <goal>clean</goal>
            </goals>
          </execution>
        </executions>
      </plugin>
      <plugin>
        <artifactId>maven-resources-plugin</artifactId>
        <version>2.6</version>
        <executions>
          <execution>
            <id>default-testResources</id>
            <phase>process-test-resources</phase>
            <goals>
              <goal>testResources</goal>
            </goals>
          </execution>
          <execution>
            <id>default-resources</id>
            <phase>process-resources</phase>
            <goals>
              <goal>resources</goal>
            </goals>
          </execution>
        </executions>
      </plugin>
      <plugin>
        <artifactId>maven-jar-plugin</artifactId>
        <version>2.4</version>
        <executions>
          <execution>
            <id>default-jar</id>
            <phase>package</phase>
            <goals>
              <goal>jar</goal>
            </goals>
          </execution>
        </executions>
      </plugin>
      <plugin>
        <artifactId>maven-install-plugin</artifactId>
        <version>2.4</version>
        <executions>
          <execution>
            <id>default-install</id>
            <phase>install</phase>
            <goals>
              <goal>install</goal>
            </goals>
          </execution>
        </executions>
      </plugin>
      <plugin>
        <artifactId>maven-deploy-plugin</artifactId>
        <version>2.7</version>
        <executions>
          <execution>
            <id>default-deploy</id>
            <phase>deploy</phase>
            <goals>
              <goal>deploy</goal>
            </goals>
          </execution>
        </executions>
      </plugin>
      <plugin>
        <artifactId>maven-site-plugin</artifactId>
        <version>3.3</version>
        <executions>
          <execution>
            <id>default-site</id>
            <phase>site</phase>
            <goals>
              <goal>site</goal>
            </goals>
            <configuration>
              <outputDirectory>C:\Users\garvitrajput\Videos\FIP\aggregator-adapter-service\target\site</outputDirectory>
              <reportPlugins>
                <reportPlugin>
                  <groupId>org.apache.maven.plugins</groupId>
                  <artifactId>maven-project-info-reports-plugin</artifactId>
                </reportPlugin>
              </reportPlugins>
            </configuration>
          </execution>
          <execution>
            <id>default-deploy</id>
            <phase>site-deploy</phase>
            <goals>
              <goal>deploy</goal>
            </goals>
            <configuration>
              <outputDirectory>C:\Users\garvitrajput\Videos\FIP\aggregator-adapter-service\target\site</outputDirectory>
              <reportPlugins>
                <reportPlugin>
                  <groupId>org.apache.maven.plugins</groupId>
                  <artifactId>maven-project-info-reports-plugin</artifactId>
                </reportPlugin>
              </reportPlugins>
            </configuration>
          </execution>
        </executions>
        <configuration>
          <outputDirectory>C:\Users\garvitrajput\Videos\FIP\aggregator-adapter-service\target\site</outputDirectory>
          <reportPlugins>
            <reportPlugin>
              <groupId>org.apache.maven.plugins</groupId>
              <artifactId>maven-project-info-reports-plugin</artifactId>
            </reportPlugin>
          </reportPlugins>
        </configuration>
      </plugin>
    </plugins>
  </build>
  <profiles>
    <profile>
      <id>native</id>
      <properties>
        <skipITs>false</skipITs>
        <quarkus.package.type>native</quarkus.package.type>
      </properties>
    </profile>
  </profiles>
  <dependencies>
    <dependency>
      <groupId>io.quarkus</groupId>
      <artifactId>quarkus-junit5</artifactId>
      <version>3.6.7</version>
      <scope>test</scope>
      <exclusions>
        <exclusion>
          <artifactId>quarkus-bootstrap-core</artifactId>
          <groupId>io.quarkus</groupId>
        </exclusion>
        <exclusion>
          <artifactId>org.eclipse.sisu.inject</artifactId>
          <groupId>org.eclipse.sisu</groupId>
        </exclusion>
        <exclusion>
          <artifactId>quarkus-test-common</artifactId>
          <groupId>io.quarkus</groupId>
        </exclusion>
        <exclusion>
          <artifactId>quarkus-junit5-properties</artifactId>
          <groupId>io.quarkus</groupId>
        </exclusion>
        <exclusion>
          <artifactId>junit-jupiter</artifactId>
          <groupId>org.junit.jupiter</groupId>
        </exclusion>
        <exclusion>
          <artifactId>xstream</artifactId>
          <groupId>com.thoughtworks.xstream</groupId>
        </exclusion>
      </exclusions>
    </dependency>
    <dependency>
      <groupId>io.rest-assured</groupId>
      <artifactId>rest-assured</artifactId>
      <version>5.3.2</version>
      <scope>test</scope>
      <exclusions>
        <exclusion>
          <artifactId>activation</artifactId>
          <groupId>javax.activation</groupId>
        </exclusion>
        <exclusion>
          <artifactId>javax.activation-api</artifactId>
          <groupId>javax.activation</groupId>
        </exclusion>
        <exclusion>
          <artifactId>jakarta.activation-api</artifactId>
          <groupId>jakarta.activation</groupId>
        </exclusion>
        <exclusion>
          <artifactId>jaxb-osgi</artifactId>
          <groupId>com.sun.xml.bind</groupId>
        </exclusion>
        <exclusion>
          <artifactId>commons-logging</artifactId>
          <groupId>commons-logging</groupId>
        </exclusion>
        <exclusion>
          <artifactId>groovy</artifactId>
          <groupId>org.apache.groovy</groupId>
        </exclusion>
        <exclusion>
          <artifactId>groovy-xml</artifactId>
          <groupId>org.apache.groovy</groupId>
        </exclusion>
        <exclusion>
          <artifactId>httpclient</artifactId>
          <groupId>org.apache.httpcomponents</groupId>
        </exclusion>
        <exclusion>
          <artifactId>httpmime</artifactId>
          <groupId>org.apache.httpcomponents</groupId>
        </exclusion>
        <exclusion>
          <artifactId>hamcrest</artifactId>
          <groupId>org.hamcrest</groupId>
        </exclusion>
        <exclusion>
          <artifactId>tagsoup</artifactId>
          <groupId>org.ccil.cowan.tagsoup</groupId>
        </exclusion>
        <exclusion>
          <artifactId>json-path</artifactId>
          <groupId>io.rest-assured</groupId>
        </exclusion>
        <exclusion>
          <artifactId>xml-path</artifactId>
          <groupId>io.rest-assured</groupId>
        </exclusion>
      </exclusions>
    </dependency>
  </dependencies>
  <dependencyManagement>
    <dependencies>
      <dependency>
        <groupId>${quarkus.platform.group-id}</groupId>
        <artifactId>${quarkus.platform.artifact-id}</artifactId>
        <version>${quarkus.platform.version}</version>
        <type>pom</type>
        <scope>import</scope>
      </dependency>
    </dependencies>
  </dependencyManagement>
  <properties>
    <maven.compiler.release>11</maven.compiler.release>
    <quarkus.platform.version>3.6.7</quarkus.platform.version>
    <quarkus.platform.artifact-id>quarkus-bom</quarkus.platform.artifact-id>
    <compiler-plugin.version>3.11.0</compiler-plugin.version>
    <project.reporting.outputEncoding>UTF-8</project.reporting.outputEncoding>
    <surefire-plugin.version>3.1.2</surefire-plugin.version>
    <skipITs>true</skipITs>
    <project.build.sourceEncoding>UTF-8</project.build.sourceEncoding>
    <quarkus.platform.group-id>io.quarkus.platform</quarkus.platform.group-id>
  </properties>
</project>
