{
  "version": "1.0",
  "id": "8d4537aa-d1f1-7d88-9ce6-f7b791c1b57d",
  "detail-type": "AGGR_PEDIDOSYA_MENU_PUBLISHED",
  "source": "com.nagarro",
  "account": "659084848622",
  "time": "2020-05-28T21:13:08Z",
  "region": "us-east-1",
  "resources": [],
  "detail": {
    "context": {
      "eventType": "AGGR_PEDIDOSYA_MENU_PUBLISHED",
      "aggregatorStoreId": "TEST-ONBOARDINGBO-0001",
      "correlationContext": {
        "correlationId": "00000000-0000-0000-0000-000000000001",
        "tenantId": "c16f33a6-1f32-438e-b69f-0cfc12c3bc88",
        "aggregator": "PEDIDOSYA",
        "aggregatorTenantId": "LATAMTILLSTERTEST0001",
        "platform": "TCE",
        "initiator": null,
        "correlationMetaData": {
          "platformStoreId": "aecdf786-e7e2-4670-8b2a-1ec58e3abdfd"
        },
        "initiationTime": "2021-07-10T12:16:00Z"
      },
      "contextMetaData": {}
    },
    "payload": "https://pastebin.com/raw/hh0h685s"
  }
}